column,missing_count,missing_rate,prev_if_missing,prev_if_observed,diff_missing_minus_observed
race,2273,0.022335554114340742,0.08271007479102507,0.11225915391032534,-0.02954907911930027
