{
  "K": 5,
  "method": "Cross-fitted calibration: OOF predictions on TRAIN (GroupKFold by person_id), calibrators fit on OOF, applied to VALID/TEST probabilities from final model.",
  "valid": {
    "base": {
      "prevalence": 0.11461818181818181,
      "mean_p": 0.11277848922639576,
      "median_p": 0.09866236945430058,
      "pr_auc": 0.22467831773854963,
      "roc_auc": 0.6677610282599987,
      "brier": 0.09683001463055108,
      "logloss": 0.33576765492464755
    },
    "sigmoid_platt_oof": {
      "prevalence": 0.11461818181818181,
      "mean_p": 0.11327204954074022,
      "median_p": 0.09911347204037121,
      "pr_auc": 0.22467831773854963,
      "roc_auc": 0.6677610282599987,
      "brier": 0.09682699948900617,
      "logloss": 0.33575903386252465
    },
    "isotonic_oof": {
      "prevalence": 0.11461818181818181,
      "mean_p": 0.1135638733425948,
      "median_p": 0.09396119468061914,
      "pr_auc": 0.215795441078798,
      "roc_auc": 0.667189460752905,
      "brier": 0.09689709281504955,
      "logloss": 0.3359497670062253
    },
    "ece": {
      "base": 0.004044470923893383,
      "sigmoid_platt_oof": 0.0044861429718006446,
      "isotonic_oof": 0.0034775109251076308
    }
  },
  "test": {
    "base": {
      "prevalence": 0.10673348881059892,
      "mean_p": 0.1111784920382252,
      "median_p": 0.0975009866650095,
      "pr_auc": 0.2078325210559714,
      "roc_auc": 0.6666140354981995,
      "brier": 0.0913437944101995,
      "logloss": 0.32108924251898663
    },
    "sigmoid_platt_oof": {
      "prevalence": 0.10673348881059892,
      "mean_p": 0.11166645743436707,
      "median_p": 0.09794703429186898,
      "pr_auc": 0.2078325210559714,
      "roc_auc": 0.6666140354981995,
      "brier": 0.0913482386427387,
      "logloss": 0.3211129468363118
    },
    "isotonic_oof": {
      "prevalence": 0.10673348881059892,
      "mean_p": 0.11203489237712684,
      "median_p": 0.09396119468061914,
      "pr_auc": 0.20102728453515442,
      "roc_auc": 0.6663217104189726,
      "brier": 0.09134859020495872,
      "logloss": 0.3211305982351938
    },
    "ece": {
      "base": 0.004501189282069633,
      "sigmoid_platt_oof": 0.004971473772442335,
      "isotonic_oof": 0.0056705485053667164
    }
  }
}