model,valid_pr_auc,valid_brier,valid_top10_precision,test_pr_auc,test_brier,test_top10_precision
hist_gb,0.22467831773854963,0.09683001463055108,0.25994180407371487,0.2078325210559714,0.0913437944101995,0.2491315136476427
random_forest,0.22400166708026797,0.0974938660782328,0.2516973811833172,0.20424236456110595,0.09185972695367535,0.24764267990074443
logreg_unweighted,0.22277773396471345,0.09711153447472073,0.25703200775945684,0.20022812928971176,0.09183486340293691,0.254590570719603
decision_tree,0.19742851957306126,0.0977663727284588,0.24539282250242483,0.18144046729770671,0.09226591235527637,0.2411910669975186
