{
  "split": {
    "method": "GroupShuffleSplit by person_id",
    "approx": "60/20/20",
    "random_state": 42
  },
  "baseline_uncalibrated": {
    "valid": {
      "prevalence": 0.11461818181818181,
      "mean_p": 0.11277848922639576,
      "median_p": 0.09866236945430058,
      "pr_auc": 0.22467831773854963,
      "roc_auc": 0.6677610282599987,
      "brier": 0.09683001463055108,
      "logloss": 0.33576765492464755
    },
    "test": {
      "prevalence": 0.10673348881059892,
      "mean_p": 0.1111784920382252,
      "median_p": 0.0975009866650095,
      "pr_auc": 0.2078325210559714,
      "roc_auc": 0.6666140354981995,
      "brier": 0.0913437944101995,
      "logloss": 0.32108924251898663
    }
  },
  "sigmoid": {
    "valid": {
      "prevalence": 0.11461818181818181,
      "mean_p": 0.11462417649952247,
      "median_p": 0.09924107224593008,
      "pr_auc": 0.22467831773854963,
      "roc_auc": 0.6677610282599987,
      "brier": 0.09681639063245714,
      "logloss": 0.3357148386561877
    },
    "test": {
      "prevalence": 0.10673348881059892,
      "mean_p": 0.1129350547535146,
      "median_p": 0.09802124987096311,
      "pr_auc": 0.2078325210559714,
      "roc_auc": 0.6666140354981995,
      "brier": 0.09137285830812976,
      "logloss": 0.3211598654462384
    }
  },
  "isotonic": {
    "valid": {
      "prevalence": 0.11461818181818181,
      "mean_p": 0.11461818181818181,
      "median_p": 0.10289236605026078,
      "pr_auc": 0.21822358537800177,
      "roc_auc": 0.6706074108172614,
      "brier": 0.09648336720036713,
      "logloss": 0.33432929598511896
    },
    "test": {
      "prevalence": 0.10673348881059892,
      "mean_p": 0.1128547497241375,
      "median_p": 0.10131332082551595,
      "pr_auc": 0.19904850431304646,
      "roc_auc": 0.6666061459879116,
      "brier": 0.09135924871272744,
      "logloss": 0.3259030906318809
    }
  },
  "best_by_valid_brier": {
    "name": "isotonic",
    "valid": {
      "prevalence": 0.11461818181818181,
      "mean_p": 0.11461818181818181,
      "median_p": 0.10289236605026078,
      "pr_auc": 0.21822358537800177,
      "roc_auc": 0.6706074108172614,
      "brier": 0.09648336720036713,
      "logloss": 0.33432929598511896
    },
    "test": {
      "prevalence": 0.10673348881059892,
      "mean_p": 0.1128547497241375,
      "median_p": 0.10131332082551595,
      "pr_auc": 0.19904850431304646,
      "roc_auc": 0.6666061459879116,
      "brier": 0.09135924871272744,
      "logloss": 0.3259030906318809
    }
  },
  "ece_valid": {
    "base": 0.004044470923893383,
    "sigmoid": 0.0037983936764188473,
    "isotonic": 2.1262453077669665e-18
  }
}