gender,no_show_rate
F,0.203087803316117
M,0.19963810262375598
