sms_received,no_show_rate
1,0.27575322003325725
0,0.16694875724661826
